,Name,Mean,Median,Std,Max,Min
0,Euclidian,13.584942258872523,2.0,91.05277419957834,2918.6123415075185,0.0
1,DTW,8408.62005139612,2.0,213068.8938291828,6741377.0,0.0
